policy,released reefer,chilled orders served,orders served,net orders gained
weighted,none (today),21,79,0
weighted,VEH001 (truck 26.4 m3),23,81,2
weighted,VEH002 (truck 21.1 m3),23,81,2
weighted,VEH004 (truck 33.4 m3),23,81,2
weighted,VEH005 (truck 33.4 m3),23,81,2
weighted,VEH035 (van 7 m3),23,81,2
lexicographic,none (today),19,77,0
lexicographic,VEH001 (truck 26.4 m3),23,81,4
lexicographic,VEH002 (truck 21.1 m3),23,81,4
lexicographic,VEH004 (truck 33.4 m3),23,81,4
lexicographic,VEH005 (truck 33.4 m3),23,81,4
lexicographic,VEH035 (van 7 m3),21,79,2
