vehicle_id,trip_id,vehicle,brand,district,stops,chilled,m3,m3_cap,kg,kg_cap,outbound,inter_stop,handling,trip_min,orders,bucket,bucket_used,bucket_budget,m3_util,kg_util
VEH003,1,truck/reefer,Fresh,Gampaha,3,3,20.678,26.4,3602.9,5510,37,18,46,101,S1-028 S1-031 S1-035,Fresh,235,270,0.783,0.654
VEH003,2,truck/reefer,Fresh,Kalutara,3,3,16.032,26.4,2930.2,5510,64,24,46,134,S1-046 S1-048 S1-051,Fresh,235,270,0.607,0.532
VEH006,1,truck/reefer,Fresh,Gampaha,3,3,27.379,33.4,5131.5,6840,37,18,45,100,S1-033 S1-038 S1-041,Fresh,210,270,0.82,0.75
VEH006,2,truck/reefer,Fresh,Colombo,4,4,28.548,33.4,5279.6,6840,24,24,62,110,S1-007 S1-012 S1-014 S1-021,Fresh,210,270,0.855,0.772
VEH007,1,truck/reefer,Fresh,Colombo,2,2,17.034,19.4,2937.9,3610,24,8,30,62,S1-009 S1-016,Fresh,250,270,0.878,0.814
VEH007,2,truck/reefer,Fresh,Puttalam,1,1,8.659,19.4,1588.8,3610,173,0,15,188,S1-083,Fresh,250,270,0.446,0.44
VEH008,1,truck/ambient,Fresh,Kalutara,7,0,17.877,22.0,3319.8,3800,64,72,107,243,S1-042 S1-043 S1-044 S1-045 S1-047 S1-049 S1-050,Fresh,243,270,0.813,0.874
VEH008,2,truck/ambient,Style,Galle,2,0,19.68,22.0,1315.7,3800,103,9,105,217,S1-060 S1-061,Style/Tech,217,480,0.895,0.346
VEH009,1,truck/ambient,Fresh,Colombo,8,0,29.862,30.0,5705.9,5800,24,56,122,202,S1-008 S1-010 S1-011 S1-013 S1-017 S1-018 S1-019 S1-020,Fresh,202,270,0.995,0.984
VEH009,2,truck/ambient,Tech,Colombo,3,0,12.784,30.0,4158.1,5800,24,16,153,193,S1-023 S1-024 S1-025,Style/Tech,193,480,0.426,0.717
VEH013,1,truck/ambient,Fresh,Gampaha,8,0,28.783,30.0,5319.7,5800,37,63,122,222,S1-029 S1-030 S1-032 S1-034 S1-036 S1-037 S1-039 S1-040,Fresh,222,270,0.959,0.917
VEH015,1,truck/ambient,Fresh,Galle,6,0,15.297,22.0,2732.8,3800,103,45,94,242,S1-052 S1-053 S1-054 S1-055 S1-057 S1-059,Fresh,242,270,0.695,0.719
VEH015,2,truck/ambient,Style,Kurunegala,1,0,9.379,22.0,531.8,3800,127,0,46,173,S1-079,Style/Tech,173,480,0.426,0.14
VEH017,1,truck/ambient,Fresh,Matara,4,0,11.343,22.0,2165.0,3800,137,30,60,227,S1-062 S1-063 S1-065 S1-066,Fresh,227,270,0.516,0.57
VEH017,2,truck/ambient,Style,Matara,1,0,7.494,22.0,469.2,3800,137,0,46,183,S1-068,Style/Tech,183,480,0.341,0.123
VEH018,1,truck/ambient,Fresh,Kurunegala,4,0,8.958,22.0,1746.6,3800,127,57,60,244,S1-072 S1-074 S1-076 S1-077,Fresh,244,270,0.407,0.46
VEH018,2,truck/ambient,Tech,Kurunegala,1,0,3.72,22.0,1006.3,3800,127,0,43,170,S1-080,Style/Tech,170,480,0.169,0.265
VEH025,1,truck/ambient,Fresh,Puttalam,3,0,6.857,22.0,1271.3,3800,173,48,45,266,S1-081 S1-082 S1-084,Fresh,266,270,0.312,0.335
VEH025,2,truck/ambient,Tech,Matara,1,0,1.55,22.0,477.9,3800,137,0,43,180,S1-069,Style/Tech,180,480,0.07,0.126
VEH027,1,truck/ambient,Fresh,Gampaha,2,0,3.777,22.0,686.2,3800,37,9,30,76,S1-026 S1-027,Fresh,76,270,0.172,0.181
VEH034,1,truck/ambient,Fresh,Kurunegala,1,0,2.598,22.0,505.3,3800,127,0,15,142,S1-070,Fresh,142,270,0.118,0.133
VEH036,1,van/reefer,Fresh,Colombo,2,2,4.17,7.0,766.7,1040,24,8,32,64,S1-001 S1-005,Fresh,183,270,0.596,0.737
VEH036,2,van/reefer,Fresh,Galle,1,1,3.754,7.0,670.7,1040,103,0,16,119,S1-056,Fresh,183,270,0.536,0.645
VEH037,1,van/ambient,Fresh,Colombo,2,0,1.166,8.0,228.7,1100,24,8,32,64,S1-000 S1-002,Fresh,64,270,0.146,0.208
VEH038,1,van/ambient,Fresh,Colombo,4,0,6.45,9.0,1157.1,1200,24,24,63,111,S1-004 S1-006 S1-015 S1-022,Fresh,111,270,0.717,0.964
