order_ref,outlet_id,depart_depot,arrive,service_start,leave,window,late,vehicle_id,trip_id
S1-075,OUT067,03:30,05:37,05:37,05:52,05:00-07:30,0,VEH003,1
S1-073,OUT066,03:30,06:11,06:11,06:26,04:00-07:45,0,VEH003,1
S1-071,OUT065,03:30,06:45,06:45,07:00,05:30-08:00,0,VEH003,1
S1-012,OUT007,09:07,09:31,09:31,09:47,05:30-08:00,1,VEH003,2
S1-038,OUT032,03:30,04:07,04:07,04:22,04:00-07:45,0,VEH006,1
S1-031,OUT028,03:30,04:31,04:31,04:47,03:00-08:00,0,VEH006,1
S1-035,OUT030,03:30,04:56,04:56,05:11,03:00-08:00,0,VEH006,1
S1-021,OUT013,05:48,06:12,06:12,06:27,05:00-07:30,0,VEH006,2
S1-009,OUT005,05:48,06:35,06:35,06:50,04:00-07:45,0,VEH006,2
S1-016,OUT009,05:48,06:58,06:58,07:13,04:00-07:45,0,VEH006,2
S1-007,OUT004,05:48,07:21,07:21,07:37,05:30-08:00,0,VEH006,2
S1-041,OUT034,03:30,04:07,05:00,05:15,05:00-07:30,0,VEH007,1
S1-028,OUT026,03:30,05:24,05:24,05:39,03:00-08:00,0,VEH007,1
S1-033,OUT029,03:30,05:48,05:48,06:03,05:30-08:00,0,VEH007,1
S1-046,OUT043,06:40,07:44,07:44,08:00,05:00-07:30,1,VEH007,2
S1-051,OUT046,06:40,08:12,08:12,08:27,05:00-07:30,1,VEH007,2
S1-048,OUT044,06:40,08:39,08:39,08:54,03:00-08:00,1,VEH007,2
S1-074,OUT067,03:30,05:37,05:37,05:52,05:00-07:30,0,VEH017,1
S1-076,OUT068,03:30,06:11,06:11,06:26,03:00-08:00,0,VEH017,1
S1-070,OUT065,03:30,06:45,06:45,07:00,05:30-08:00,0,VEH017,1
S1-077,OUT069,03:30,07:19,07:19,07:34,05:30-08:00,0,VEH017,1
S1-081,OUT073,03:30,06:23,06:23,06:38,03:00-08:00,0,VEH018,1
S1-084,OUT075,03:30,07:02,07:02,07:17,03:00-08:00,0,VEH018,1
S1-082,OUT074,03:30,07:41,07:41,07:56,05:30-08:00,0,VEH018,1
S1-029,OUT027,03:30,04:07,05:00,05:16,05:00-07:30,0,VEH024,1
S1-040,OUT034,03:30,05:25,05:25,05:40,05:00-07:30,0,VEH024,1
S1-037,OUT032,03:30,05:49,05:49,06:04,04:00-07:45,0,VEH024,1
S1-027,OUT026,03:30,06:13,06:13,06:28,03:00-08:00,0,VEH024,1
S1-030,OUT028,03:30,06:37,06:37,06:53,03:00-08:00,0,VEH024,1
S1-034,OUT030,03:30,07:02,07:02,07:17,03:00-08:00,0,VEH024,1
S1-036,OUT031,03:30,07:26,07:26,07:41,03:00-08:00,0,VEH024,1
S1-026,OUT025,03:30,07:50,07:50,08:05,05:30-08:00,0,VEH024,1
S1-032,OUT029,03:30,08:14,08:14,08:29,05:30-08:00,1,VEH024,1
S1-039,OUT033,03:30,08:38,08:38,08:53,05:30-08:00,1,VEH024,1
S1-065,OUT061,03:30,05:47,05:47,06:02,05:00-07:30,0,VEH025,1
S1-062,OUT059,03:30,06:12,06:12,06:27,04:00-07:45,0,VEH025,1
S1-063,OUT060,03:30,06:37,06:37,06:52,03:00-08:00,0,VEH025,1
S1-066,OUT062,03:30,07:02,07:02,07:17,05:30-08:00,0,VEH025,1
S1-069,OUT064,09:34,11:51,11:51,12:34,09:00-17:00,0,VEH025,2
S1-054,OUT052,03:30,05:13,05:13,05:29,05:00-07:30,0,VEH027,1
S1-057,OUT054,03:30,05:38,05:38,05:53,05:00-07:30,0,VEH027,1
S1-059,OUT055,03:30,06:02,06:02,06:18,05:00-07:30,0,VEH027,1
S1-053,OUT051,03:30,06:27,06:27,06:43,03:00-08:00,0,VEH027,1
S1-055,OUT053,03:30,06:52,06:52,07:08,03:00-08:00,0,VEH027,1
S1-052,OUT050,03:30,07:17,07:17,07:32,05:30-08:00,0,VEH027,1
S1-060,OUT056,09:15,10:58,10:58,11:57,10:00-12:00,0,VEH027,2
S1-061,OUT057,09:15,12:06,12:06,12:52,09:00-17:00,0,VEH027,2
S1-013,OUT008,03:30,03:54,05:00,05:15,05:00-07:30,0,VEH030,1
S1-017,OUT010,03:30,05:23,05:23,05:38,05:00-07:30,0,VEH030,1
S1-020,OUT013,03:30,05:46,05:46,06:01,05:00-07:30,0,VEH030,1
S1-008,OUT005,03:30,06:09,06:09,06:24,04:00-07:45,0,VEH030,1
S1-015,OUT009,03:30,06:32,06:32,06:47,04:00-07:45,0,VEH030,1
S1-010,OUT006,03:30,06:55,06:55,07:11,03:00-08:00,0,VEH030,1
S1-018,OUT011,03:30,07:19,07:19,07:34,03:00-08:00,0,VEH030,1
S1-011,OUT007,03:30,07:42,07:42,07:58,05:30-08:00,0,VEH030,1
S1-019,OUT012,03:30,08:06,08:06,08:21,05:30-08:00,1,VEH030,1
S1-022,OUT014,03:30,08:29,08:29,08:45,05:30-08:00,1,VEH030,1
S1-023,OUT022,09:09,09:33,10:00,10:55,10:00-12:00,0,VEH030,2
S1-024,OUT023,09:09,11:03,11:03,11:58,09:00-17:00,0,VEH030,2
S1-025,OUT024,09:09,12:06,12:06,12:49,09:00-17:00,0,VEH030,2
S1-043,OUT041,03:30,04:34,05:00,05:15,05:00-07:30,0,VEH034,1
S1-045,OUT043,03:30,05:27,05:27,05:43,05:00-07:30,0,VEH034,1
S1-050,OUT046,03:30,05:55,05:55,06:10,05:00-07:30,0,VEH034,1
S1-042,OUT040,03:30,06:22,06:22,06:38,03:00-08:00,0,VEH034,1
S1-044,OUT042,03:30,06:50,06:50,07:05,03:00-08:00,0,VEH034,1
S1-047,OUT044,03:30,07:17,07:17,07:32,03:00-08:00,0,VEH034,1
S1-049,OUT045,03:30,07:44,07:44,07:59,03:00-08:00,0,VEH034,1
S1-079,OUT071,09:03,11:10,11:10,11:56,09:00-17:00,0,VEH034,2
S1-005,OUT003,03:30,03:54,05:00,05:16,05:00-07:30,0,VEH036,1
S1-014,OUT008,03:30,05:24,05:24,05:39,05:00-07:30,0,VEH036,1
S1-001,OUT001,06:03,06:27,06:27,06:43,05:00-07:30,0,VEH036,2
S1-003,OUT002,06:03,06:51,06:51,07:07,05:30-08:00,0,VEH036,2
S1-000,OUT001,03:30,03:54,05:00,05:16,05:00-07:30,0,VEH037,1
S1-004,OUT003,03:30,05:24,05:24,05:40,05:00-07:30,0,VEH037,1
S1-002,OUT002,03:30,05:48,05:48,06:04,05:30-08:00,0,VEH037,1
S1-006,OUT004,03:30,06:12,06:12,06:28,05:30-08:00,0,VEH037,1
S1-068,OUT063,08:00,10:17,10:17,11:03,09:00-17:00,0,VEH037,2
S1-072,OUT066,03:30,05:37,05:37,05:52,04:00-07:45,0,VEH038,1
S1-080,OUT072,08:00,10:07,10:07,10:50,09:00-17:00,0,VEH038,2
