scenario,vehicle_id,trip_id,vehicle,brand,district,stops,chilled_stops,volume_m3,volume_cap_m3,volume_util,weight_kg,weight_cap_kg,weight_util,outbound_min,interstop_min,handling_min,trip_min,budget,vehicle_budget_used_min,budget_min,orders
S1,VEH003,1,truck/reefer,Fresh,Kurunegala,3,3,25.039,26.4,0.948,4593.3,5510.0,0.834,127.0,38.0,45.0,210.0,predawn,250.0,270,S1-075 S1-073 S1-071
S1,VEH003,2,truck/reefer,Fresh,Colombo,1,1,11.722,26.4,0.444,1991.0,5510.0,0.361,24.0,0.0,16.0,40.0,predawn,250.0,270,S1-012
S1,VEH006,1,truck/reefer,Fresh,Gampaha,3,3,28.72,33.4,0.86,5249.6,6840.0,0.767,37.0,18.0,46.0,101.0,predawn,210.0,270,S1-038 S1-031 S1-035
S1,VEH006,2,truck/reefer,Fresh,Colombo,4,4,29.857,33.4,0.894,5512.6,6840.0,0.806,24.0,24.0,61.0,109.0,predawn,210.0,270,S1-021 S1-009 S1-016 S1-007
S1,VEH007,1,truck/reefer,Fresh,Gampaha,3,3,19.337,19.4,0.997,3484.8,3610.0,0.965,37.0,18.0,45.0,100.0,predawn,234.0,270,S1-041 S1-028 S1-033
S1,VEH007,2,truck/reefer,Fresh,Kalutara,3,3,16.032,19.4,0.826,2930.2,3610.0,0.812,64.0,24.0,46.0,134.0,predawn,234.0,270,S1-046 S1-051 S1-048
S1,VEH017,1,truck/ambient,Fresh,Kurunegala,4,0,9.461,22.0,0.43,1869.4,3800.0,0.492,127.0,57.0,60.0,244.0,predawn,244.0,270,S1-074 S1-076 S1-070 S1-077
S1,VEH018,1,truck/ambient,Fresh,Puttalam,3,0,6.857,22.0,0.312,1271.3,3800.0,0.335,173.0,48.0,45.0,266.0,predawn,266.0,270,S1-081 S1-084 S1-082
S1,VEH024,1,truck/ambient,Fresh,Gampaha,10,0,32.56,34.0,0.958,6005.9,6500.0,0.924,37.0,81.0,152.0,270.0,predawn,270.0,270,S1-029 S1-040 S1-037 S1-027 S1-030 S1-034 S1-036 S1-026 S1-032 S1-039
S1,VEH025,1,truck/ambient,Fresh,Matara,4,0,11.343,22.0,0.516,2165.0,3800.0,0.57,137.0,30.0,60.0,227.0,predawn,227.0,270,S1-065 S1-062 S1-063 S1-066
S1,VEH025,2,truck/ambient,Tech,Matara,1,0,1.55,22.0,0.07,477.9,3800.0,0.126,137.0,0.0,43.0,180.0,daytime,180.0,480,S1-069
S1,VEH027,1,truck/ambient,Fresh,Galle,6,0,15.297,22.0,0.695,2732.8,3800.0,0.719,103.0,45.0,94.0,242.0,predawn,242.0,270,S1-054 S1-057 S1-059 S1-053 S1-055 S1-052
S1,VEH027,2,truck/ambient,Style,Galle,2,0,19.68,22.0,0.895,1315.7,3800.0,0.346,103.0,9.0,105.0,217.0,daytime,217.0,480,S1-060 S1-061
S1,VEH030,1,truck/ambient,Fresh,Colombo,10,0,33.756,34.0,0.993,6396.8,6500.0,0.984,24.0,72.0,153.0,249.0,predawn,249.0,270,S1-013 S1-017 S1-020 S1-008 S1-015 S1-010 S1-018 S1-011 S1-019 S1-022
S1,VEH030,2,truck/ambient,Tech,Colombo,3,0,12.784,34.0,0.376,4158.1,6500.0,0.64,24.0,16.0,153.0,193.0,daytime,193.0,480,S1-023 S1-024 S1-025
S1,VEH034,1,truck/ambient,Fresh,Kalutara,7,0,17.877,22.0,0.813,3319.8,3800.0,0.874,64.0,72.0,107.0,243.0,predawn,243.0,270,S1-043 S1-045 S1-050 S1-042 S1-044 S1-047 S1-049
S1,VEH034,2,truck/ambient,Style,Kurunegala,1,0,9.379,22.0,0.426,531.8,3800.0,0.14,127.0,0.0,46.0,173.0,daytime,173.0,480,S1-079
S1,VEH036,1,van/reefer,Fresh,Colombo,2,2,5.728,7.0,0.818,1032.0,1040.0,0.992,24.0,8.0,31.0,63.0,predawn,127.0,270,S1-005 S1-014
S1,VEH036,2,van/reefer,Fresh,Colombo,2,2,4.288,7.0,0.613,777.6,1040.0,0.748,24.0,8.0,32.0,64.0,predawn,127.0,270,S1-001 S1-003
S1,VEH037,1,van/ambient,Fresh,Colombo,4,0,3.722,8.0,0.465,694.9,1100.0,0.632,24.0,24.0,64.0,112.0,predawn,112.0,270,S1-000 S1-004 S1-002 S1-006
S1,VEH037,2,van/ambient,Style,Matara,1,0,7.494,8.0,0.937,469.2,1100.0,0.427,137.0,0.0,46.0,183.0,daytime,183.0,480,S1-068
S1,VEH038,1,van/ambient,Fresh,Kurunegala,1,0,2.095,9.0,0.233,382.5,1200.0,0.319,127.0,0.0,15.0,142.0,predawn,142.0,270,S1-072
S1,VEH038,2,van/ambient,Tech,Kurunegala,1,0,3.72,9.0,0.413,1006.3,1200.0,0.839,127.0,0.0,43.0,170.0,daytime,170.0,480,S1-080
