row_id,pred_total_volume_m3,pred_chilled_volume_m3
W0000,538.463,196.659
W0001,79.76,0.0
W0002,23.29,0.0
W0003,1024.273,379.483
W0004,138.28,0.0
W0005,33.275,0.0
W0006,745.243,273.445
W0007,105.437,0.0
W0008,23.519,0.0
W0009,1412.596,524.079
W0010,190.731,0.0
W0011,34.686,0.0
W0012,360.162,133.096
W0013,51.152,0.0
W0014,19.938,0.0
W0015,673.072,246.599
W0016,116.59,0.0
W0017,22.393,0.0
W0018,561.835,205.662
W0019,79.636,0.0
W0020,23.561,0.0
W0021,1066.481,395.118
W0022,138.882,0.0
W0023,33.997,0.0
W0024,516.338,191.308
W0025,81.595,0.0
W0026,19.94,0.0
W0027,995.638,377.953
W0028,96.665,0.0
W0029,24.091,0.0
W0030,518.867,189.896
W0031,75.49,0.0
W0032,22.811,0.0
W0033,987.412,365.736
W0034,132.108,0.0
W0035,32.609,0.0
W0036,523.68,191.487
W0037,77.923,0.0
W0038,22.824,0.0
W0039,994.311,368.304
W0040,136.326,0.0
W0041,32.635,0.0
W0042,531.73,194.842
W0043,79.276,0.0
W0044,22.977,0.0
W0045,1009.217,374.535
W0046,138.325,0.0
W0047,33.06,0.0
W0048,618.387,228.597
W0049,78.773,0.0
W0050,24.995,0.0
W0051,1175.731,440.167
W0052,134.297,0.0
W0053,37.252,0.0
W0054,517.152,189.517
W0055,75.995,0.0
W0056,22.856,0.0
W0057,984.896,365.175
W0058,131.786,0.0
W0059,32.698,0.0
