depot,brand,iso_year,iso_week,pred_total_volume_m3,pred_chilled_volume_m3,p10,p90
Kandy,Fresh,2026,14,538.5,196.7,519.6,584.2
Kandy,Style,2026,14,79.8,0.0,73.2,95.6
Kandy,Tech,2026,14,23.3,0.0,11.3,35.7
Peliyagoda,Fresh,2026,14,1024.3,379.5,988.4,1111.3
Peliyagoda,Style,2026,14,138.3,0.0,126.9,165.7
Peliyagoda,Tech,2026,14,33.3,0.0,21.3,45.7
Kandy,Fresh,2026,15,745.2,273.4,719.2,808.6
Kandy,Style,2026,15,105.4,0.0,96.8,126.3
Kandy,Tech,2026,15,23.5,0.0,11.5,36.0
Peliyagoda,Fresh,2026,15,1412.6,524.1,1363.2,1532.7
Peliyagoda,Style,2026,15,190.7,0.0,175.1,228.5
Peliyagoda,Tech,2026,15,34.7,0.0,22.7,47.1
Kandy,Fresh,2026,16,360.2,133.1,347.6,390.8
Kandy,Style,2026,16,51.2,0.0,47.0,61.3
Kandy,Tech,2026,16,19.9,0.0,7.9,32.4
Peliyagoda,Fresh,2026,16,673.1,246.6,649.5,730.3
Peliyagoda,Style,2026,16,116.6,0.0,107.0,139.7
Peliyagoda,Tech,2026,16,22.4,0.0,10.4,34.8
Kandy,Fresh,2026,17,561.8,205.7,542.2,609.6
Kandy,Style,2026,17,79.6,0.0,73.1,95.4
Kandy,Tech,2026,17,23.6,0.0,11.5,36.0
Peliyagoda,Fresh,2026,17,1066.5,395.1,1029.2,1157.1
Peliyagoda,Style,2026,17,138.9,0.0,127.5,166.4
Peliyagoda,Tech,2026,17,34.0,0.0,22.0,46.4
Kandy,Fresh,2026,18,516.3,191.3,498.3,560.2
Kandy,Style,2026,18,81.6,0.0,74.9,97.8
Kandy,Tech,2026,18,19.9,0.0,7.9,32.4
Peliyagoda,Fresh,2026,18,995.6,378.0,960.8,1080.3
Peliyagoda,Style,2026,18,96.7,0.0,88.7,115.8
Peliyagoda,Tech,2026,18,24.1,0.0,12.1,36.5
Kandy,Fresh,2026,19,518.9,189.9,500.7,563.0
Kandy,Style,2026,19,75.5,0.0,69.3,90.4
Kandy,Tech,2026,19,22.8,0.0,10.8,35.2
Peliyagoda,Fresh,2026,19,987.4,365.7,952.9,1071.3
Peliyagoda,Style,2026,19,132.1,0.0,121.3,158.3
Peliyagoda,Tech,2026,19,32.6,0.0,20.6,45.0
Kandy,Fresh,2026,20,523.7,191.5,505.4,568.2
Kandy,Style,2026,20,77.9,0.0,71.5,93.4
Kandy,Tech,2026,20,22.8,0.0,10.8,35.3
Peliyagoda,Fresh,2026,20,994.3,368.3,959.5,1078.8
Peliyagoda,Style,2026,20,136.3,0.0,125.1,163.3
Peliyagoda,Tech,2026,20,32.6,0.0,20.6,45.1
Kandy,Fresh,2026,21,531.7,194.8,513.1,576.9
Kandy,Style,2026,21,79.3,0.0,72.8,95.0
Kandy,Tech,2026,21,23.0,0.0,11.0,35.4
Peliyagoda,Fresh,2026,21,1009.2,374.5,973.9,1095.0
Peliyagoda,Style,2026,21,138.3,0.0,127.0,165.7
Peliyagoda,Tech,2026,21,33.1,0.0,21.0,45.5
Kandy,Fresh,2026,22,618.4,228.6,596.7,670.9
Kandy,Style,2026,22,78.8,0.0,72.3,94.4
Kandy,Tech,2026,22,25.0,0.0,13.0,37.4
Peliyagoda,Fresh,2026,22,1175.7,440.2,1134.6,1275.7
Peliyagoda,Style,2026,22,134.3,0.0,123.3,160.9
Peliyagoda,Tech,2026,22,37.3,0.0,25.2,49.7
Kandy,Fresh,2026,23,517.2,189.5,499.1,561.1
Kandy,Style,2026,23,76.0,0.0,69.8,91.0
Kandy,Tech,2026,23,22.9,0.0,10.8,35.3
Peliyagoda,Fresh,2026,23,984.9,365.2,950.4,1068.6
Peliyagoda,Style,2026,23,131.8,0.0,121.0,157.9
Peliyagoda,Tech,2026,23,32.7,0.0,20.7,45.1
