fold,model,MAE,RMSE,R2,MAE_log
A_FebMar25,S0 brand median,6.513914656771799,10.180650277571246,0.3192183023392037,0.3721586584690098
A_FebMar25,S1 allowance,6.498866213151928,9.69389252350502,0.3827611771058007,0.3745884644449024
A_FebMar25,S2 outlet history,4.599459338726353,7.112344607020656,0.6677366684200875,0.26227952777742025
A_FebMar25,S3 quick GBM,3.631464706772601,5.6882812825879805,0.7874706267930167,0.20781356327605288
B_SepOct25,S0 brand median,6.360888710968775,9.838680791232603,0.3747019477335478,0.3729334618775357
B_SepOct25,S1 allowance,6.273018414731785,9.408762929093532,0.4281549229114231,0.3734823923199221
B_SepOct25,S2 outlet history,4.444387355948714,6.716146034570508,0.7086241210491411,0.26129558697030164
B_SepOct25,S3 quick GBM,3.46349601768807,5.317833053360437,0.81732347851536,0.20531786729046925
C_recent,S0 brand median,7.105741349313744,11.998276182648617,0.3165994026909341,0.3905369751268775
C_recent,S1 allowance,7.052387396095109,11.649348758750264,0.3557700075475877,0.3918149726814071
C_recent,S2 outlet history,5.262134317614915,9.042693105536802,0.6118199347966604,0.28699035933202366
C_recent,S3 quick GBM,3.769775706456048,6.209214409608404,0.8169747712486664,0.20922040071798623
