fold,model,MAE,RMSE,R2,MAE_log,logloss,brier,AUC,ECE,mean_pred,rate
A_FebMar25,service: stage-1 single model,3.621204809187585,5.471309782292911,0.803374679492145,0.20831021420787008,,,,,,
A_FebMar25,service: raw bag,3.62988205644901,5.477979135109741,0.8028950272908596,0.2085608835063836,,,,,,
A_FebMar25,service: log bag,3.6107527253656233,5.643455774537255,0.7908070300978172,0.2067279585271785,,,,,,
A_FebMar25,service: FINAL,3.5910276513661676,5.438249562442163,0.8057437052350449,0.2066906373685871,,,,,,
A_FebMar25,late: no stacking,,,,,0.15934947357152127,0.05004504302078781,0.976836000951335,0.011108406628375578,0.2092084344519257,0.21356421356421357
A_FebMar25,late: FINAL (stacked),,,,,0.15447937536106524,0.04869135488716395,0.978223027371127,0.010452174772122319,0.20876765420999407,0.21356421356421357
B_SepOct25,service: stage-1 single model,3.4802607549409417,5.289101711015441,0.8192920860809603,0.20583971137635662,,,,,,
B_SepOct25,service: raw bag,3.4584511781848217,5.257115513362209,0.8214711635186929,0.20511528481148894,,,,,,
B_SepOct25,service: log bag,3.447761391052238,5.310429219225887,0.8178317927583141,0.20455600431154858,,,,,,
B_SepOct25,service: FINAL,3.4463536148962124,5.2563045736084755,0.8215262374329163,0.2040801735121352,,,,,,
B_SepOct25,late: no stacking,,,,,0.12806463214708608,0.0401889999323286,0.9812438290297945,0.009531211930132037,0.15451705194568927,0.1599279423538831
B_SepOct25,late: FINAL (stacked),,,,,0.12562455569035408,0.03942475139994294,0.9817418306120678,0.009832160428954875,0.15509681464747946,0.1599279423538831
C_recent,service: stage-1 single model,3.6988259500926186,5.812254804831567,0.8396285945181114,0.2080522881874022,,,,,,
C_recent,service: raw bag,3.731881409408583,5.846896635069434,0.8377112267718692,0.208827795629846,,,,,,
C_recent,service: log bag,3.7509191783525195,6.202980257404296,0.8173421073601743,0.20822349307024313,,,,,,
C_recent,service: FINAL,3.7073004423040175,5.81598780140243,0.8394225271045734,0.20749048380767177,,,,,,
C_recent,late: no stacking,,,,,0.12933479604867903,0.03999525787937725,0.9762820702123959,0.0038924567245810513,0.13102233115062537,0.13106514595012564
C_recent,late: FINAL (stacked),,,,,0.12690996174414973,0.03943534890122051,0.9776181991790288,0.004560574931442391,0.1284544953363052,0.13106514595012564
