fold,model,logloss,brier,AUC,ECE,mean_pred,rate
A_FebMar25,L0 base rate,0.5205394949309903,0.16855533475769024,0.5,0.024511109905055478,0.1890531036591581,0.21356421356421357
A_FebMar25,L1 brand x monsoon,0.49947801304967987,0.16254399714639575,0.6056536127964699,0.010611784249449113,0.22417599781366265,0.21356421356421357
A_FebMar25,L2 logit(plan slack),0.35387253558202447,0.10576988181274195,0.8645798438393458,0.032494348227904285,0.18439399935441955,0.21356421356421357
A_FebMar25,L3 logit(sim slack),0.2108815029746002,0.06001474677224685,0.9560819666324253,0.02044131040946168,0.22308556492857468,0.21356421356421357
A_FebMar25,L4 quick GBM,0.15908998785271072,0.05004966053010415,0.9769260741737805,0.014536278061047389,0.20840954694844946,0.21356421356421357
B_SepOct25,L0 base rate,0.44460359374982067,0.13587782104958734,0.5,0.03907461376969995,0.19900255612358306,0.1599279423538831
B_SepOct25,L1 brand x monsoon,0.41588290617530405,0.1275940906085076,0.6438159982560998,0.015656263677771155,0.16762462967811906,0.1599279423538831
B_SepOct25,L2 logit(plan slack),0.31691391636356064,0.09560053278795712,0.8586389706217832,0.04463051757001013,0.20120581230493265,0.1599279423538831
B_SepOct25,L3 logit(sim slack),0.17229841188388356,0.050114898438353414,0.96393007342094,0.023767425289540543,0.18087114255204956,0.1599279423538831
B_SepOct25,L4 quick GBM,0.1287068172104939,0.04062182889539987,0.9810189828064207,0.011734331679055231,0.1533007919436321,0.1599279423538831
C_recent,L0 base rate,0.4046837179969319,0.11858961500945113,0.5,0.06857507960077902,0.19964022555090466,0.13106514595012564
C_recent,L1 brand x monsoon,0.3859755771014559,0.1134522896405418,0.5198568714500871,0.0033331232845593677,0.1277320226655663,0.13106514595012564
C_recent,L2 logit(plan slack),0.2845149479491455,0.0830744259865895,0.879754463333563,0.0707156530113301,0.19938642269611434,0.13106514595012564
C_recent,L3 logit(sim slack),0.1817411494694911,0.052807381563454873,0.9469121705205064,0.014422669192810034,0.14350330474129122,0.13106514595012564
C_recent,L4 quick GBM,0.13017200475792426,0.04003225088378048,0.975925069152549,0.006004110478092476,0.13074856774590582,0.13106514595012564
